{
  "alternative_number": 10,
  "coefficient_number": 4,

  "weights": [0.2580, 0.2593, 0.2202, 0.2625],

  "experts": [
    [
      [36.827828, 0.93900156, 34.994392, 40.769861],
      [49.494875, 0.87594281, 31.926538, 43.950695],
      [68.281706, 0.55015634, 16.801918, 49.445581],
      [97.025478, 0.62247509, 34.403050, 26.118768],
      [97.542197, 0.58704470, 15.979987, 43.271930],
      [41.032916, 0.20774229, 26.543214, 30.628323],
      [97.941495, 0.30124633, 32.722285, 49.497510],
      [97.001686, 0.47092335, 20.380960, 26.384003],
      [63.976295, 0.23048816, 40.999061, 23.976169],
      [86.019633, 0.84430879, 35.917947, 40.067380]
    ]
  ]
}